component,time_us,time_ms,share_percent
LUT L0,16442,16.442,72.51477463173678
LUT L1,2349,2.349,10.359883567081237
MatMul,3702,3.702,16.327070653612065
Softmax,109,0.109,0.48072682367469344
Overhead,72,0.072,0.31754432389521037
