width_d,mlp_amplification,kan_amplification,gap_ratio
4,2.0,0.182,10.989010989010989
8,2.8284271247461903,0.182,15.540808377726322
16,4.0,0.182,21.978021978021978
32,5.656854249492381,0.182,31.081616755452643
64,8.0,0.182,43.956043956043956
128,11.313708498984761,0.182,62.163233510905286
256,16.0,0.182,87.91208791208791
