lut_points,uniform_error,adaptive_error
10,0.00982,0.00294
15,0.00406,0.00115
20,0.0022,0.00061
25,0.00145,0.0004
30,0.00102,0.00028
35,0.00076,0.00021
40,0.00059,0.00016
45,0.00047,0.00013
50,0.00038,0.0001
