{
  "E10": {
    "fp32_accuracy": 0.999854163628409,
    "n_functions": 512,
    "n3": {
      "l2_error": 0.08721837020891762,
      "accuracy": 0.9995624908852268,
      "storage_kb": 6.0234375,
      "accuracy_drop": 0.00029167274318220304
    },
    "n4": {
      "l2_error": 0.050062233186379035,
      "accuracy": 0.9997812454426134,
      "storage_kb": 8.03125,
      "accuracy_drop": 7.291818579557852e-05
    },
    "n5": {
      "l2_error": 0.036242940800145194,
      "accuracy": 0.999854163628409,
      "storage_kb": 10.0390625,
      "accuracy_drop": 0.0
    },
    "n6": {
      "l2_error": 0.024995247324166955,
      "accuracy": 0.9997812454426134,
      "storage_kb": 12.046875,
      "accuracy_drop": 7.291818579557852e-05
    },
    "n7": {
      "l2_error": 0.01901353724697146,
      "accuracy": 0.999854163628409,
      "storage_kb": 14.0546875,
      "accuracy_drop": 0.0
    },
    "n8": {
      "l2_error": 0.015444837344353906,
      "accuracy": 0.999854163628409,
      "storage_kb": 16.0625,
      "accuracy_drop": 0.0
    },
    "n10": {
      "l2_error": 0.008956378173100915,
      "accuracy": 0.999854163628409,
      "storage_kb": 20.078125,
      "accuracy_drop": 0.0
    },
    "n12": {
      "l2_error": 0.0062126480037377595,
      "accuracy": 0.999854163628409,
      "storage_kb": 24.09375,
      "accuracy_drop": 0.0
    },
    "n15": {
      "l2_error": 0.003916155393120545,
      "accuracy": 0.999854163628409,
      "storage_kb": 30.1171875,
      "accuracy_drop": 0.0
    },
    "n20": {
      "l2_error": 0.0021678181314260716,
      "accuracy": 0.999854163628409,
      "storage_kb": 40.15625,
      "accuracy_drop": 0.0
    },
    "n30": {
      "l2_error": 0.0009500421290715517,
      "accuracy": 0.999854163628409,
      "storage_kb": 60.234375,
      "accuracy_drop": 0.0
    },
    "n50": {
      "l2_error": 0.0003455652060851838,
      "accuracy": 0.999854163628409,
      "storage_kb": 100.390625,
      "accuracy_drop": 0.0
    },
    "fracture_point": null
  }
}