{
  "experiment": "E50",
  "title": "Worst-Case Adversarial Safety Proof",
  "n_trials": 5000,
  "n_worst_analyzed": 100,
  "lut_points": 15,
  "overall_classification_agreement": 0.998,
  "total_mismatches": 10,
  "mismatch_diagnosis": {
    "n_mismatch_in_worst100": 0,
    "mismatch_fp32_margins": [
      0.006781578063964844,
      0.03539752960205078,
      0.03161799907684326,
      0.06473779678344727,
      0.02207660675048828,
      0.004269599914550781,
      0.03626251220703125,
      0.03374671936035156,
      0.12302446365356445,
      0.03269028663635254
    ],
    "max_mismatch_fp32_margin": 0.12302446365356445,
    "mismatch_lut_errors": [
      0.22550582885742188,
      0.1889781951904297,
      0.10622668266296387,
      0.1341114044189453,
      0.08694648742675781,
      0.08866691589355469,
      0.13178062438964844,
      0.14327192306518555,
      0.19577503204345703,
      0.052571654319763184
    ],
    "median_lut_error_all": 0.16240692138671875
  },
  "worst_100": {
    "classification_preserved": 100,
    "classification_flipped": 0,
    "max_per_sample_error": 0.766815185546875,
    "min_margin": 0.20953941345214844,
    "mean_margin": 18.225850286483766,
    "all_preserved": true
  },
  "safety_verdict": "PROVED (no LUT-caused flip)",
  "theorem_1_consistency": "Theorem 1 DA bound 0.079 (N=15) << true min margin 1.35; the 10 full-set mismatches are near-ties (FP32 margin <= 0.123), not LUT-error-driven (0 in worst-100)"
}