{
  "experiment": "E55",
  "description": "CWRU\u2192XJTU-SY cross-dataset validation with SVNN verification",
  "zero_shot_acc": 0.2984375,
  "finetuned_acc": 0.9171875,
  "improvement": 0.61875,
  "zero_shot_per_class": {
    "0": 0.0,
    "1": 0.7666666666666667,
    "2": 0.225,
    "3": 0.2025
  },
  "finetuned_per_class": {
    "0": 0.95,
    "1": 0.8,
    "2": 0.8375,
    "3": 0.965
  },
  "svnn_da_before": {
    "da_bound": 0.06432219594717026,
    "ia_bound": 0.13200508058071136,
    "tightening_ratio": 2.052247729370606,
    "sign_balance_l0": 0.09374999999997907,
    "sign_balance_l1": 0.06249999999990234,
    "l0_contractive_gamma": 0.3449546694755554,
    "l1_contractive_gamma": 0.4481844902038574,
    "condition3_satisfied": true,
    "w0_rowsum_max": 0.6895146369934082,
    "w1_rowsum_max": 0.5306994915008545
  },
  "svnn_da_after": {
    "da_bound": 0.04925786703824997,
    "ia_bound": 0.11105410009622574,
    "tightening_ratio": 2.2545454517953334,
    "sign_balance_l0": 0.08035714285712492,
    "sign_balance_l1": 0.03124999999995117,
    "l0_contractive_gamma": 0.4593643248081207,
    "l1_contractive_gamma": 0.5021165609359741,
    "condition3_satisfied": true,
    "w0_rowsum_max": 0.7724870443344116,
    "w1_rowsum_max": 0.706714391708374
  },
  "svnn_z3_after": {
    "total": 512,
    "verified": 512,
    "rate": 1.0,
    "total_time_ms": 1719.8862999994162
  },
  "scl_info": null,
  "config": {
    "arch": [
      28,
      16,
      4
    ],
    "grid_size": 8,
    "spline_order": 3,
    "lut_points": 15,
    "lr": 0.0001,
    "val_split": 0.2,
    "dataset": "XJTU-SY",
    "source_checkpoint": "kan_kd_28x16x4_vrmKD_best.pt"
  },
  "timestamp": "2026-07-08T15:05:59.295939"
}