{
  "experiment": "E49",
  "title": "DA sqrt(d) Scaling Law Validation",
  "n_architectures": 105,
  "hidden_dimensions": [
    4,
    8,
    12,
    16,
    20,
    24,
    32
  ],
  "seeds_per_dim": 15,
  "pearson_r": 0.9871629423086035,
  "pearson_p": 3.561429659164678e-05,
  "linear_fit": {
    "slope": 0.8955652379309667,
    "intercept": 0.3493308630810836
  },
  "summary_by_dim": {
    "4": {
      "sqrt_d": 2.0,
      "mean": 2.165960831348967,
      "std": 0.40136805461496977,
      "min": 1.6493965671877133,
      "max": 3.1076052100171787,
      "n": 15
    },
    "8": {
      "sqrt_d": 2.8284271247461903,
      "mean": 2.6992760671252762,
      "std": 0.4430229551984857,
      "min": 1.908223703653529,
      "max": 3.3500613428564,
      "n": 15
    },
    "12": {
      "sqrt_d": 3.4641016151377544,
      "mean": 3.394880352433941,
      "std": 0.40194639912484853,
      "min": 2.77284072389056,
      "max": 4.047375681751751,
      "n": 15
    },
    "16": {
      "sqrt_d": 4.0,
      "mean": 4.222252229632573,
      "std": 0.5478789823818565,
      "min": 3.0324600298024444,
      "max": 4.882649492700668,
      "n": 15
    },
    "20": {
      "sqrt_d": 4.47213595499958,
      "mean": 4.29651084829574,
      "std": 0.5384305929801193,
      "min": 3.6402624779862474,
      "max": 5.3618539441619015,
      "n": 15
    },
    "24": {
      "sqrt_d": 4.898979485566356,
      "mean": 4.9163378193685885,
      "std": 0.756058249850118,
      "min": 3.754101758300154,
      "max": 6.5233978573601945,
      "n": 15
    },
    "32": {
      "sqrt_d": 5.656854249492381,
      "mean": 5.217386570166352,
      "std": 0.5165725243548108,
      "min": 4.586918448777443,
      "max": 6.2946074458366486,
      "n": 15
    }
  },
  "d16_distribution": {
    "mean": 4.222252229632573,
    "std": 0.5478789823818565,
    "min": 3.0324600298024444,
    "max": 4.882649492700668,
    "n": 15,
    "values": [
      4.536865729765565,
      3.9718614547149143,
      4.60226930458738,
      3.6494822147045696,
      4.713629033073414,
      4.486646710196465,
      4.881010397433195,
      3.564021847431927,
      4.882649492700668,
      3.0324600298024444,
      4.561388752954877,
      4.243462724700885,
      4.17626806313463,
      4.579508724120316,
      3.452258965167352
    ]
  },
  "all_results": [
    {
      "hidden_dim": 4,
      "seed": 0,
      "ratio": 1.7266123148729522
    },
    {
      "hidden_dim": 4,
      "seed": 1,
      "ratio": 1.934050177930542
    },
    {
      "hidden_dim": 4,
      "seed": 2,
      "ratio": 2.308036997390239
    },
    {
      "hidden_dim": 4,
      "seed": 3,
      "ratio": 3.1076052100171787
    },
    {
      "hidden_dim": 4,
      "seed": 4,
      "ratio": 2.063986111622823
    },
    {
      "hidden_dim": 4,
      "seed": 5,
      "ratio": 1.8254105653093426
    },
    {
      "hidden_dim": 4,
      "seed": 6,
      "ratio": 2.4520884187217917
    },
    {
      "hidden_dim": 4,
      "seed": 7,
      "ratio": 2.8691910416154216
    },
    {
      "hidden_dim": 4,
      "seed": 8,
      "ratio": 1.6979305828969393
    },
    {
      "hidden_dim": 4,
      "seed": 9,
      "ratio": 2.26405270625592
    },
    {
      "hidden_dim": 4,
      "seed": 10,
      "ratio": 2.235669534712725
    },
    {
      "hidden_dim": 4,
      "seed": 11,
      "ratio": 2.0228124077168386
    },
    {
      "hidden_dim": 4,
      "seed": 12,
      "ratio": 1.6493965671877133
    },
    {
      "hidden_dim": 4,
      "seed": 13,
      "ratio": 2.0264344950680724
    },
    {
      "hidden_dim": 4,
      "seed": 14,
      "ratio": 2.3061353389160026
    },
    {
      "hidden_dim": 8,
      "seed": 0,
      "ratio": 2.541662774015579
    },
    {
      "hidden_dim": 8,
      "seed": 1,
      "ratio": 2.932713859022625
    },
    {
      "hidden_dim": 8,
      "seed": 2,
      "ratio": 3.0548391249284412
    },
    {
      "hidden_dim": 8,
      "seed": 3,
      "ratio": 2.998825423220395
    },
    {
      "hidden_dim": 8,
      "seed": 4,
      "ratio": 2.129870406007492
    },
    {
      "hidden_dim": 8,
      "seed": 5,
      "ratio": 2.136684268987808
    },
    {
      "hidden_dim": 8,
      "seed": 6,
      "ratio": 3.1049193216493047
    },
    {
      "hidden_dim": 8,
      "seed": 7,
      "ratio": 3.135569469278964
    },
    {
      "hidden_dim": 8,
      "seed": 8,
      "ratio": 3.3500613428564
    },
    {
      "hidden_dim": 8,
      "seed": 9,
      "ratio": 3.0202588199704588
    },
    {
      "hidden_dim": 8,
      "seed": 10,
      "ratio": 3.0784665550670858
    },
    {
      "hidden_dim": 8,
      "seed": 11,
      "ratio": 1.908223703653529
    },
    {
      "hidden_dim": 8,
      "seed": 12,
      "ratio": 2.441229337829931
    },
    {
      "hidden_dim": 8,
      "seed": 13,
      "ratio": 2.4127684266408136
    },
    {
      "hidden_dim": 8,
      "seed": 14,
      "ratio": 2.2430481737503145
    },
    {
      "hidden_dim": 12,
      "seed": 0,
      "ratio": 3.6479488248252867
    },
    {
      "hidden_dim": 12,
      "seed": 1,
      "ratio": 3.154468351813488
    },
    {
      "hidden_dim": 12,
      "seed": 2,
      "ratio": 3.8193939346108716
    },
    {
      "hidden_dim": 12,
      "seed": 3,
      "ratio": 3.77309430453186
    },
    {
      "hidden_dim": 12,
      "seed": 4,
      "ratio": 2.77284072389056
    },
    {
      "hidden_dim": 12,
      "seed": 5,
      "ratio": 3.0555297733922737
    },
    {
      "hidden_dim": 12,
      "seed": 6,
      "ratio": 2.899226410084483
    },
    {
      "hidden_dim": 12,
      "seed": 7,
      "ratio": 4.047375681751751
    },
    {
      "hidden_dim": 12,
      "seed": 8,
      "ratio": 2.887106662559624
    },
    {
      "hidden_dim": 12,
      "seed": 9,
      "ratio": 3.5790901466343006
    },
    {
      "hidden_dim": 12,
      "seed": 10,
      "ratio": 3.2235927416412733
    },
    {
      "hidden_dim": 12,
      "seed": 11,
      "ratio": 4.039061547340157
    },
    {
      "hidden_dim": 12,
      "seed": 12,
      "ratio": 3.3353921948207135
    },
    {
      "hidden_dim": 12,
      "seed": 13,
      "ratio": 3.1711689974756347
    },
    {
      "hidden_dim": 12,
      "seed": 14,
      "ratio": 3.517914991136829
    },
    {
      "hidden_dim": 16,
      "seed": 0,
      "ratio": 4.536865729765565
    },
    {
      "hidden_dim": 16,
      "seed": 1,
      "ratio": 3.9718614547149143
    },
    {
      "hidden_dim": 16,
      "seed": 2,
      "ratio": 4.60226930458738
    },
    {
      "hidden_dim": 16,
      "seed": 3,
      "ratio": 3.6494822147045696
    },
    {
      "hidden_dim": 16,
      "seed": 4,
      "ratio": 4.713629033073414
    },
    {
      "hidden_dim": 16,
      "seed": 5,
      "ratio": 4.486646710196465
    },
    {
      "hidden_dim": 16,
      "seed": 6,
      "ratio": 4.881010397433195
    },
    {
      "hidden_dim": 16,
      "seed": 7,
      "ratio": 3.564021847431927
    },
    {
      "hidden_dim": 16,
      "seed": 8,
      "ratio": 4.882649492700668
    },
    {
      "hidden_dim": 16,
      "seed": 9,
      "ratio": 3.0324600298024444
    },
    {
      "hidden_dim": 16,
      "seed": 10,
      "ratio": 4.561388752954877
    },
    {
      "hidden_dim": 16,
      "seed": 11,
      "ratio": 4.243462724700885
    },
    {
      "hidden_dim": 16,
      "seed": 12,
      "ratio": 4.17626806313463
    },
    {
      "hidden_dim": 16,
      "seed": 13,
      "ratio": 4.579508724120316
    },
    {
      "hidden_dim": 16,
      "seed": 14,
      "ratio": 3.452258965167352
    },
    {
      "hidden_dim": 20,
      "seed": 0,
      "ratio": 3.8582672465938583
    },
    {
      "hidden_dim": 20,
      "seed": 1,
      "ratio": 3.6402624779862474
    },
    {
      "hidden_dim": 20,
      "seed": 2,
      "ratio": 4.0136903659717165
    },
    {
      "hidden_dim": 20,
      "seed": 3,
      "ratio": 4.646825875274818
    },
    {
      "hidden_dim": 20,
      "seed": 4,