{
  "experiment": "E58",
  "n_functions": 512,
  "N_lut_points": 15,
  "margin": 0.182,
  "M2": {
    "mean": 0.6110354195131945,
    "p50": 0.612389660139318,
    "p90": 1.0220852821193798,
    "p95": 1.1723055756815122,
    "p99": 1.3953716428707785,
    "max": 1.5916449107769148
  },
  "h_lut": {
    "mean": 0.7513712261404311,
    "std": 0.7949422871817211
  },
  "M2h2_lut": {
    "mean": 0.017392617593997788,
    "p50": 0.016064000489463187,
    "p90": 0.026437923817219922,
    "p95": 0.03010774508140345,
    "p99": 0.03546354221009297,
    "max": 0.04045185149433628
  },
  "all_verifiable": true,
  "C3_95pct": 0.03010774508140345,
  "safety_margin_min": 4.499176014860089,
  "theorem_7": "M2*h_lut^2/8 <= 0.03011 guarantees via de Boor theorem"
}