{
  "m2_statistics": {
    "min": 0.0001044968465402217,
    "max": 0.17677132516470795,
    "mean": 0.05482858944808007,
    "median": 0.05317559305521964,
    "p10": 0.001339953993584891,
    "p25": 0.031592331252119105,
    "p75": 0.07426782428564283,
    "p90": 0.10566476771793006
  },
  "num_functions": 512,
  "allocations": {
    "S7-1200 tight": {
      "budget_bytes": 20480,
      "n_uniform": 10,
      "uniform_worst_eps": 0.009820629175817108,
      "uniform_mean_eps": 0.0030460327471155593,
      "adaptive_worst_eps": 0.002943719553736787,
      "adaptive_mean_eps": 0.0024334771058773224,
      "eps_reduction_worst_pct": 70.02514298182061,
      "eps_reduction_mean_pct": 20.109949304330243,
      "storage_saving_pct": 41.17647058823529,
      "n_range": [
        3,
        18
      ],
      "n_mean": 10.0,
      "n_distribution": {
        "3": 64,
        "5": 2,
        "6": 4,
        "7": 20,
        "8": 42,
        "9": 56,
        "10": 66,
        "11": 85,
        "12": 66,
        "13": 37,
        "14": 32,
        "15": 21,
        "16": 8,
        "17": 7,
        "18": 2
      }
    },
    "S7-1200 default": {
      "budget_bytes": 30720,
      "n_uniform": 15,
      "uniform_worst_eps": 0.0040585253226591116,
      "uniform_mean_eps": 0.0012588196556957158,
      "adaptive_worst_eps": 0.0011541086837816461,
      "adaptive_mean_eps": 0.0010238979530999956,
      "eps_reduction_worst_pct": 71.56334894997073,
      "eps_reduction_mean_pct": 18.66206183965926,
      "storage_saving_pct": 44.44444444444444,
      "n_range": [
        3,
        28
      ],
      "n_mean": 15.0,
      "n_distribution": {
        "3": 41,
        "4": 22,
        "5": 1,
        "7": 1,
        "8": 4,
        "9": 1,
        "10": 14,
        "11": 15,
        "12": 25,
        "13": 32,
        "14": 42,
        "15": 36,
        "16": 61,
        "17": 46,
        "18": 42,
        "19": 37,
        "20": 20,
        "21": 16,
        "22": 21,
        "23": 13,
        "24": 10,
        "25": 3,
        "26": 6,
        "27": 2,
        "28": 1
      }
    },
    "S7-1200 generous": {
      "budget_bytes": 40960,
      "n_uniform": 20,
      "uniform_worst_eps": 0.002203520673798299,
      "uniform_mean_eps": 0.0006834588712364551,
      "adaptive_worst_eps": 0.000612035034127441,
      "adaptive_mean_eps": 0.0005626454650629364,
      "eps_reduction_worst_pct": 72.22467474868519,
      "eps_reduction_mean_pct": 17.676763190585774,
      "storage_saving_pct": 45.945945945945944,
      "n_range": [
        3,
        38
      ],
      "n_mean": 20.0,
      "n_distribution": {
        "3": 23,
        "4": 24,
        "5": 16,
        "6": 1,
        "9": 1,
        "10": 3,
        "11": 1,
        "12": 2,
        "13": 10,
        "14": 6,
        "15": 17,
        "16": 15,
        "17": 29,
        "18": 21,
        "19": 37,
        "20": 26,
        "21": 38,
        "22": 42,
        "23": 29,
        "24": 32,
        "25": 27,
        "26": 26,
        "27": 14,
        "28": 8,
        "29": 15,
        "30": 14,
        "31": 12,
        "32": 8,
        "33": 5,
        "34": 3,
        "35": 3,
        "36": 2,
        "37": 1,
        "38": 1
      }
    },
    "S7-1500": {
      "budget_bytes": 102400,
      "n_uniform": 50,
      "uniform_worst_eps": 0.00033130818960482543,
      "uniform_mean_eps": 0.00010276078822005844,
      "adaptive_worst_eps": 8.90827522772211e-05,
      "adaptive_mean_eps": 8.594706700486933e-05,
      "eps_reduction_worst_pct": 73.11181701138256,
      "eps_reduction_mean_pct": 16.3620010185044,
      "storage_saving_pct": 47.36842105263158,
      "n_range": [
        4,
        96
      ],
      "n_mean": 50.0,
      "n_distribution": {
        "4": 1,
        "5": 11,
        "6": 9,
        "7": 5,
        "8": 14,
        "9": 9,
        "10": 6,
        "11": 5,
        "12": 4,
        "22": 1,
        "24": 1,
        "25": 2,
        "26": 1,
        "29": 1,
        "30": 2,
        "31": 3,
        "32": 4,
        "33": 3,
        "34": 3,
        "35": 2,
        "36": 5,
        "37": 7,
        "38": 7,
        "39": 6,
        "40": 5,
        "41": 12,
        "42": 5,
        "43": 15,
        "44": 4,
        "45": 12,
        "46": 9,
        "47": 14,
        "48": 12,
        "49": 16,
        "50": 11,
        "51": 6,
        "52": 12,
        "53": 16,
        "54": 18,
        "55": 16,
        "56": 16,
        "57": 14,
        "58": 12,
        "59": 8,
        "60": 8,
        "61": 18,
        "62": 9,
        "63": 11,
        "64": 11,
        "65": 11,
        "66": 10,
        "67": 6,
        "68": 4,
        "69": 7,
        "70": 2,
        "71": 4,
        "72": 4,
        "73": 6,
        "74": 4,
        "75": 10,
        "76": 5,
        "77": 2,
        "78": 6,
        "79": 3,
        "80": 4,
        "81": 3,
        "82": 4,
        "83": 1,
        "84": 2,
        "85": 2,
        "86": 1,
        "88": 2,
        "89": 1,
        "90": 2,
        "91": 1,
        "92": 1,
        "95": 1,
        "96": 1
      }
    }
  },
  "quality_parity": {
    "target_eps_uniform_n15": 0.0040585253226591116,
    "adaptive_budget_bytes": 17888,
    "adaptive_mean_pts": 8.734375,
    "storage_saving_pct": 41.770833333333336
  }
}